<?xml version="1.0" encoding="utf-8"?>
<AnalyseParams>
  <TargetExecutable>C:\Program Files (x86)\NUnit.org\nunit-console\nunit3-console.exe</TargetExecutable>
  <TargetArguments>bin\Debug\Microwave.Test.Unit.dll --result:TestResult.xml</TargetArguments>
  <TargetWorkingDir>Microwave.Test.Unit</TargetWorkingDir>
  <TempDir><!-- Directory for the auxiliary files. Set to system temp by default. --></TempDir>
  <Output>coverage_report.html</Output>
  <ReportType>HTML<!-- [HTML|JSON|XML|NDependXML]. A type of the report. XML by default. --></ReportType>
  <InheritConsole><!-- [True|False] Lets the application being analysed to inherit dotCover console. True by default. --> </InheritConsole>
  
  <Filters>
    <ExcludeFilters>
      <FilterEntry>
        <ModuleMask>MicrowaveOvenClasses</ModuleMask>
        <ClassMask>MicrowaveOvenClasses.Boundary.Output</ClassMask>
        <FunctionMask>*</FunctionMask>
      </FilterEntry>
      <FilterEntry>
        <ModuleMask>Microwave.Test.Unit</ModuleMask>
        <ClassMask>Microwave.Test.Unit.*</ClassMask>
        <FunctionMask>*</FunctionMask>
      </FilterEntry>
    </ExcludeFilters>
  </Filters>
  <!-- Coverage filters. It's possible to use asterisks as wildcard symbols.
    <IncludeFilters>
      <FilterEntry>
        <ModuleMask> Module mask. </ModuleMask>
        <ClassMask> Class mask. </ClassMask>
        <FunctionMask> Function mask. </FunctionMask>
      </FilterEntry>
    </IncludeFilters>
    -->
  <!-- Attribute filters. It's possible to use asterisks as wildcard symbols.
  <AttributeFilters>
    <AttributeFilterEntry>...</AttributeFilterEntry>
    <AttributeFilterEntry>...</AttributeFilterEntry>
  </AttributeFilters>
  -->
</AnalyseParams>